{
  "custom_trains": {
    "my_custom_train": {
      "name": "Cirno Varient",
      "color": "0A81FF",
      "base_train_type": "class_802_tpe",
      "texture_id": "mtr:custom/custom_802_tpe.png"
    }
  },
  "custom_signs": {
		"normal_train": {
			"texture_id": "mtr:custom/normal_sign.png",
			"flip_texture": false,
			"custom_text": "乘普通车|Class Ordinary",
			"flip_custom_text": false,
			"small": false
		},
		"special_train": {
			"texture_id": "mtr:custom/special_sign.png",
			"flip_texture": false,
			"custom_text": "乘大站车|Class High Speed",
			"flip_custom_text": false,
			"small": false
		},
		"baka": {
			"texture_id": "mtr:custom/baka.png",
			"flip_texture": false,
			"custom_text": "笨蛋！笨蛋！|Baka baka!",
			"flip_custom_text": false,
			"small": false
		}
	}
}